article,exitlinks
!Kung people,63
Agriculture in South Africa,145
Africa Day,111
Convenience food,161
African music,490
Acid,325
AIDS orphan,160
Alcohol dependence,289
Alcohol abuse,381
Aloe,181
Aloe vera,149
Alcoholism,841
Animal husbandry,110
Animal husbandry in South Africa,31
Animal-powered transport,111
Apartheid,1490
Atom,903
Bias,140
Base (chemistry),142
Automobile,1043
Bicycle,551
Biome,228
Bill of Rights (South Africa),201
Boiling,121
Bird nest,421
Borehole,121
Bullying,596
Castle of Good Hope,59
Cell (biology),601
Ceramic,148
Child abuse,622
Circuit diagram,53
Clay,208
Climate,823
Children%27s Act (South Africa),23
Children%27s Day,437
Coal in South Africa,149
Control variable,18
Coal,700
Decanting,15
Cradle of Humankind,78
Dependent and independent variables,53
Cooking,923
Design,424
Discrimination,869
Domestic violence in South Africa,39
Duration (music),333
Drakensberg,243
Domestic violence,1046
Economy of South Africa,505
Electrical conductor,165
Ecosystem,774
Electrical network,146
Electricity generation,341
Energy in South Africa,83
Fiber,362
Fair trade,688
Farm,215
Fire safety,234
Flag of South Africa,167
Food groups,69
Food,1337
Food pyramid (nutrition),152
Food security,534
Frances Baard,47
Food vs. fuel,376
Freedom Day (South Africa),22
Free State (province),262
Gana and Gwi people,20
Gangster,342
Gauteng,378
Griqua people,140
Gender stereotypes,508
Glass,739
Hand washing,360
Health,242
Heritage Day (South Africa),35
Health care in South Africa,283
Herero and Namaqua Genocide,332
Home safety,12
History of South Africa,944
HIV,838
Hottentot Venus,137
History of writing,909
HIV/AIDS,1253
Human Rights Day,87
Human nutrition,950
Human swimming,277
Hydraulics,134
Khoikhoi,80
Insulator (electricity),242
Khoikhoi mythology,194
Later Stone Age,330
Liquid fuel,107
Latitude,289
List of South Africans,1012
Longitude,520
Mandela Day,100
Map,405
Malaria,963
Mahatma Gandhi,2274
Mapungubwe Museum,57
Mapungubwe National Park,100
Mapungubwe,285
Mining industry of South Africa,188
Music of South Africa,406
Mpumalanga,260
National symbols of South Africa,31
National anthem of South Africa,115
Nest,127
National Women's Day,42
Noise pollution,246
Oliver Tambo,188
Nelson Mandela,1266
Outer space,834
Outline of domestic violence,325
Paper,769
People Against Gangsterism and Drugs,333
Petrol-paraffin engine,57
Pitch (music),308
Pneumatics,120
Politics of South Africa,548
Pollution,632
Rail transport,744
Rail transport in South Africa,157
Reconciliation Day,29
Reproduction,289
Right to food,334
Rock (geology),224
Road map,71
San healing practices,7
San languages,183
Republic of South Africa,1859
San religion,194
San rock art,20
San people,304
Sand,379
Scale (map),65
Scientific method,1064
Settling,43
Sieving,33
Sound,250
South African cuisine,704
Soil,880
Sexism,1305
Standard Model,768
Stereotype,674
Tap (valve),78
Steve Biko,488
Textile,729
South African locomotive history,1585
Trade,435
Transport,997
Transport in South Africa,338
Two foot gauge railways in South Africa,154
Walter Sisulu,211
Water filter,71
Vibration,225
Water privatization in South Africa,22
Water pollution,623
Water supply and sanitation in South Africa,116
Water well,253
Wax,337
Western Cape,424
Wildlife conservation,207
Wetlands,523
Wildlife management,273
Winnie Madikizela-Mandela,336
Wool,670
Wood,1065
Youth culture,37