article,entrylinks
Circuit diagram,200
Children%27s Act (South Africa),2
Food groups,45
!Kung people,137
Domestic violence in South Africa,81
Decanting,8
Economy of South Africa,500
Duration (music),107
Energy in South Africa,107
Control variable,139
Food pyramid (nutrition),43
AIDS orphan,219
Drakensberg,446
Bill of Rights (South Africa),19
Animal husbandry in South Africa,7
Child abuse,500
Animal-powered transport,211
Alcohol dependence,263
Boiling,500
Fire safety,423
Heritage Day (South Africa),65
Cradle of Humankind,134
Freedom Day (South Africa),51
Dependent and independent variables,398
Electrical network,500
Convenience food,178
Agriculture in South Africa,192
Gana and Gwi people,11
Food vs. fuel,355
Frances Baard,18
Electrical conductor,500
Food security,500
Aloe vera,412
Animal husbandry,500
List of South Africans,165
Later Stone Age,67
Home safety,9
Liquid fuel,74
Human nutrition,358
Castle of Good Hope,127
Hand washing,353
Khoikhoi mythology,101
Cooking,500
Hottentot Venus,21
Ceramic,500
Insulator (electricity),407
Acid,500
Borehole,336
Hydraulics,500
Bicycle,500
Clay,500
History of writing,500
Coal in South Africa,119
Bird nest,500
Mahatma Gandhi,500
Gangster,500
Biome,500
Ecosystem,500
Aloe,500
Design,500
Domestic violence,500
Human swimming,500
Automobile,500
Flag of South Africa,500
Gauteng,500
Africa Day,164
HIV/AIDS,500
Latitude,500
Malaria,500
Fair trade,500
Farm,500
Coal,500
Free State (province),389
Griqua people,265
Fiber,500
African music,295
Herero and Namaqua Genocide,332
Alcoholism,500
Gender stereotypes,68
Climate,500
Mandela Day,114
Electricity generation,500
Mapungubwe Museum,55
Bullying,500
Mapungubwe,38
Health care in South Africa,100
Atom,500
Glass,500
Base (chemistry),500
Human Rights Day,257
Petrol-paraffin engine,16
Bias,500
Apartheid,500
Health,500
San languages,32
Mpumalanga,500
Pitch (music),500
Road map,42
Mining industry of South Africa,178
Reconciliation Day,2
San people,295
Oliver Tambo,311
Khoikhoi,414
Food,500
Right to food,145
National Women's Day,70
San healing practices,19
Nest,494
Republic of South Africa,335
Noise pollution,500
Discrimination,500
Standard Model,500
Longitude,500
People Against Gangsterism and Drugs,266
Water supply and sanitation in South Africa,80
Cell (biology),500
Map,500
History of South Africa,500
HIV,500
San rock art,18
Rail transport in South Africa,464
National symbols of South Africa,111
Children%27s Day,500
Reproduction,500
Mapungubwe National Park,39
Alcohol abuse,500
Settling,83
Water pollution,500
Rail transport,500
National anthem of South Africa,159
Sound,500
Transport in South Africa,191
South African cuisine,500
Water well,500
Sieving,20
Two foot gauge railways in South Africa,40
Wax,500
Nelson Mandela,500
Pollution,500
Sand,500
Textile,500
Outline of domestic violence,199
Water filter,217
Trade,500
Wetlands,500
Soil,500
Youth culture,181
Steve Biko,500
Winnie Madikizela-Mandela,490
Water privatization in South Africa,14
Wildlife management,407
Wool,500
Vibration,500
South African locomotive history,354
Wildlife conservation,500
Music of South Africa,452
Scale (map),200
Western Cape,500
Rock (geology),500
Outer space,500
Stereotype,500
Transport,500
Wood,500
Pneumatics,467
Paper,500
Politics of South Africa,500
Tap (valve),179
San religion,139
Sexism,500
Scientific method,500
Walter Sisulu,284